user_id,age,gender,isbn,book name
1,25,Male,9.78956E+12,Dandumonaraya
2,34,Female,9.78625E+12,May mara prasangaya
3,41,Male,9.78955E+12,Manikkawatha
4,28,Female,9551468031,Chaura Rajina
5,37,Male,9.78955E+12,Madol doowa
6,52,Female,9558415545,Karuwala gedara
7,29,Male,9.78955E+12,Senkottan
8,23,Female,9.78956E+12,Goraka Yaka baya wechchi Tharama
9,30,Male,9.78956E+12,Harry Potter Saha Maya Gala
10,42,Female,9.78955E+12,Ape gama
11,33,Male,6249468706,Forget me not
12,36,Female,9.78956E+12,Gamperaliya
13,27,Male,9.78955E+12,Out Asa
14,39,Female,9.78955E+12,Nil katarolu
15,45,Male,9.78955E+12,Biyuro
16,24,Female,9.78625E+12,Wassana Sihinaya
17,31,Male,9.78955E+12,Loveena
18,46,Female,9.78625E+12,Allapu gedara
19,38,Male,9.78955E+12,Kirin dupatha
20,43,Female,9.78625E+12,Fairbank bahu lo pasala
21,22,Male,9.78956E+12,Sohon bime sagawunu rahasa
22,35,Female,9.78956E+12,Maraka wesmuhuna
23,28,Male,9.78955E+12,Kala waradata daduwama
24,48,Female,9.78625E+12,Hiru nathi lowata giya gamanak
25,40,Male,9.78955E+12,Bihisunu gamanak
26,29,Female,9.78955E+12,Amba Yahaluwo
27,50,Male,9.78625E+12,Diriya puthek
28,32,Female,9.78625E+12,Nil erabadu
29,27,Male,9.78625E+12,Giraya
30,53,Female,9.78625E+12,Chandragni
31,38,Male,9.78955E+12,Bodili yamaya
32,26,Female,9.78625E+12,Jasmin suwanda
33,47,Male,9.78625E+12,Pahana sithin saranna
34,31,Female,9.78625E+12,kaluwarayaa
35,25,Male,9.78956E+12,Sarayati soldaduwa
36,44,Female,9.78624E+12,Niruwath sithuwama
37,29,Male,9.78955E+12,Prema yuddaya
38,37,Female,9.78625E+12,Endi blyton 9 athurudahan wu balala
39,24,Male,9.78625E+12,kaluwarayaa
40,54,Female,9.78625E+12,Holly mawathe abirahasa
41,30,Male,9.78625E+12,Bella mage harima age
42,35,Female,9.78956E+12,Mage anga mage
43,39,Male,9.78625E+12,Sath siyak siyapath
44,50,Female,9.78625E+12,Aggala dansela
45,41,Male,9.78625E+12,Makara rajadahana
46,22,Female,9.78956E+12,Niwun dangakariyo 5 napuru suranganawi
47,33,Male,9.78956E+12,Niwun dangakariyo 1 aluth iskole
48,25,Female,9.78956E+12,Niwun dangakariyo 3 circuskari
49,31,Male,9.78956E+12,Niwun dangakariyo 6 ekata eka
50,45,Female,9.78956E+12,Niwun dangakariyo 4 hithuwakkari
51,52,Male,9.78625E+12,Dawn treader naukawe charikawa
52,34,Female,9.78625E+12,Kalabala dainaso
53,29,Male,9.78955E+12,Dandumonaraya
54,28,Female,9.78955E+12,Rankendi kumarikawa
55,36,Male,9.78625E+12,Anagathe loke wate
56,23,Female,9.78956E+12,Mihiri hangum
57,40,Male,9.78956E+12,Yuwathiyakage premaya
58,30,Female,9.78955E+12,Sayanika satahan nowe
59,43,Male,9.78625E+12,Nidan duwe lama wikramaya
60,49,Female,9.78625E+12,Nidan duwe lama wikramaya
61,35,Male,9.78955E+12,Bahina kalawa
62,26,Female,9.78955E+12,Prema yuddaya
63,42,Male,9.78955E+12,Wilthera ketikatha sangrahaya
64,39,Female,9.78956E+12,Sarungal
65,27,Male,9.78624E+12,Maldam palandawanno
66,31,Female,9.78625E+12,Neuralink
67,29,Male,9.78625E+12,Namak nathi lipinayak
68,25,Female,9.78956E+12,Rasa mihira
69,33,Male,9.78625E+12,Bella mage harima age
70,28,Female,9.78955E+12,Surupiniyage maranaya
71,40,Male,9.78625E+12,Diya yata wikramaya
72,32,Female,9.78625E+12,Endi blyton 9 athurudahan wu balala
73,50,Male,9.78625E+12,#N/A
74,36,Female,9.78955E+12,Magaharunu dupath ketikatha
75,29,Male,9.78955E+12,Magaharunu dupath ketikatha
76,35,Female,9.78955E+12,Bidunu biththi
77,33,Male,9.78625E+12,Namak nathi lipinayak
78,41,Female,9.78955E+12,Rathuma rathu deliya
79,44,Male,9.78624E+12,Maldam palandawanno
80,22,Female,9.78956E+12,Rasa mihira
81,26,Male,9.78956E+12,Sithuwili kalawama
82,30,Female,9.78625E+12,Endi blyton 9 athurudahan wu balala
83,34,Male,9.78956E+12,Sithuwili kalawama
84,31,Female,9.78956E+12,Rasa mihira
85,23,Male,9.78625E+12,Nidan duwe lama wikramaya
86,27,Female,9.78956E+12,Muthu pokura
87,39,Male,9.78625E+12,Kebali
88,28,Female,9.78625E+12,Bata deka keti katha
89,25,Male,9.78624E+12,Soorya klanthaya saha anatha katha
90,24,Female,9.78955E+12,Bidunu biththi
91,37,Male,9.78956E+12,Yuwathiyakage premaya
92,48,Female,9.78625E+12,Nidan duwe lama wikramaya
93,32,Male,9.78956E+12,Mihiri hangum
94,29,Female,9.78625E+12,Wade kella
95,26,Male,9.78625E+12,Dhawala pilli
96,42,Female,9.78625E+12,Sanda yahana-2
97,40,Male,9.78625E+12,Katu mathin
98,33,Female,9.78625E+12,Wiyali kopul
99,35,Male,9.78625E+12,Diriya puthek
100,38,Female,9.78955E+12,Bhootha dadayama
1,25,Male,9.78955E+12,Guru geethaya
1,25,Male,9558415545,Karuwala gedara
1,25,Male,9.78955E+12,Viragaya
2,34,Female,9.78956E+12,Gamperaliya
2,34,Female,9.78625E+12,Chandragni
2,34,Female,9.78955E+12,Bihisunu gamanak
3,41,Male,9.78625E+12,Wassana Sihinaya
3,41,Male,9551468031,Chaura Rajina
3,41,Male,9.78625E+12,Sanda yahana-2
4,28,Female,9.78625E+12,Allapu gedara
4,28,Female,9.78955E+12,Loveena
4,28,Female,9.78955E+12,Tikiri banda saha supiri banda
5,37,Male,9558415545,Karuwala gedara
5,37,Male,9.78956E+12,Harry Potter Saha Maya Gala
5,37,Male,9.78955E+12,Out Asa
6,52,Female,9.78955E+12,Ape gama
6,52,Female,9.78625E+12,#N/A
6,52,Female,9.78956E+12,Gamperaliya
7,29,Male,9.78955E+12,Ape gama
7,29,Male,9.78955E+12,Kirin dupatha
7,29,Male,9.78625E+12,Kalu
8,23,Female,9.78956E+12,Goraka Yaka baya wechchi Tharama
8,23,Female,9.78955E+12,Bhootha dadayama
8,23,Female,9.78955E+12,Magaharunu dupath ketikatha
9,30,Male,9.78956E+12,Harry Potter Saha Maya Gala
9,30,Male,9.78955E+12,#N/A
9,30,Female,9.78625E+12,Dhawala pilli
10,42,Female,9.78955E+12,Kaliyugaya
10,42,Female,9.78625E+12,Endi blyton 9 athurudahan wu balala
10,42,Female,9.78955E+12,Bodili yamaya
11,33,Male,9.78956E+12,Asamaye janakatha
11,33,Male,9.78625E+12,Chandragni
11,33,Male,9.78955E+12,Bahina kalawa
12,36,Female,9.78955E+12,Nil katarolu
12,36,Female,9.78956E+12,Niwun dangakariyo 5 napuru suranganawi
12,36,Female,9.78625E+12,#N/A
13,27,Male,9.78955E+12,Madol doowa
13,27,Male,9.78955E+12,Biyuro
13,27,Male,9.78955E+12,Prema yuddaya
14,39,Female,9.78956E+12,#N/A
14,39,Female,9.78625E+12,Sherlock holmes lowa wishishtathama
14,39,Female,9.78955E+12,Siw maha balawathun
15,45,Male,9.78625E+12,#N/A
15,45,Male,9.78955E+12,Rajawenta giya mahanna
15,45,Male,9.78955E+12,Biyuro
16,24,Female,9.78956E+12,Irigu hora nigeriyanu
16,24,Female,9.78625E+12,#N/A
16,24,Female,9.78625E+12,Chandragni
17,31,Male,9.78956E+12,Sarungal
17,31,Male,9.78955E+12,Wilthera ketikatha sangrahaya
17,31,Male,9.78956E+12,#N/A
18,46,Female,9.78956E+12,Maraka wesmuhuna
18,46,Female,9.78625E+12,#N/A
18,46,Female,9.78955E+12,Siw maha balawathun
19,38,Male,9.78625E+12,#N/A
19,38,Male,9.78956E+12,Sarayati soldaduwa
19,38,Male,9.78625E+12,Brixton veediye abhirahasa
20,43,Female,9.78625E+12,Birdy
20,43,Female,9.78955E+12,Siw maha balawathun
20,43,Female,9.78955E+12,Rathuma rathu deliya
21,22,Male,9.78625E+12,#N/A
21,22,Male,9.78956E+12,#N/A
21,22,Male,9.78955E+12,Kala waradata daduwama
22,35,Female,9.78955E+12,Biyuro
22,35,Female,9.78625E+12,Diriya puthek
22,35,Female,9.78956E+12,Harry Potter Saha Maya Gala
23,28,Male,9.78625E+12,Allapu gedara
23,28,Male,9.78625E+12,Henri huggins
23,28,Male,9.78625E+12,#N/A
24,48,Female,9.78956E+12,Niwun dangakariyo 5 napuru suranganawi
24,48,Female,9.78625E+12,Diriya puthek
24,48,Female,9.78625E+12,Brixton veediye abhirahasa
25,40,Male,9.78955E+12,Nil katarolu
25,40,Male,9.78625E+12,Dadayam balla
25,40,Male,9.78955E+12,#N/A
26,29,Female,9.78955E+12,Rathuma rathu deliya
26,29,Female,9.78624E+12,Samurai hi saraya
26,29,Female,9.78625E+12,Endi blyton 10 nonawathin dumriya
27,50,Male,9.78625E+12,Sath siyak siyapath
27,50,Male,9.78625E+12,Wassana Sihinaya
27,50,Male,9.78625E+12,Birdy
28,32,Female,9.78624E+12,Nil niwunnu
28,32,Female,9.78956E+12,#N/A
28,32,Female,9.78955E+12,Siw maha balawathun
29,27,Male,9.78955E+12,Siw maha balawathun
29,27,Male,9.78956E+12,Sarayati soldaduwa
29,27,Male,9.78955E+12,#N/A
30,53,Female,9.78955E+12,Siw maha balawathun
30,53,Female,9.78625E+12,Awasan sanskaranaya saha thawath katha
30,53,Female,9.78956E+12,#N/A
31,38,Male,9.78625E+12,Sanda yahana-2
31,38,Male,9.78955E+12,Bhootha dadayama
31,38,Male,9.78624E+12,Pattabhishekaya
32,26,Female,9.78955E+12,#N/A
32,26,Female,9.78625E+12,Sherlock holmes lowa wishishtathama
32,26,Female,9.78955E+12,Siw maha balawathun
33,47,Male,9.78956E+12,Mihiri hangum
33,47,Male,9.78956E+12,#N/A
33,47,Male,9.78955E+12,Siw maha balawathun
34,31,Female,9.78955E+12,Magaharunu dupath ketikatha
34,31,Female,9.78625E+12,Chandragni
34,31,Female,9.78955E+12,Siw maha balawathun
35,25,Male,9.78625E+12,Wiyali kopul
35,25,Male,9.78956E+12,#N/A
35,25,Male,9.78625E+12,#N/A
36,44,Female,9.78625E+12,#N/A
36,44,Female,9.78956E+12,Sarayati soldaduwa
36,44,Female,9.78955E+12,Siw maha balawathun
37,29,Male,9.78955E+12,Siw maha balawathun
37,29,Male,9.78956E+12,#N/A
37,29,Male,9.78625E+12,Sanda yahana-2
38,37,Female,9.78625E+12,#N/A
38,37,Female,9.78955E+12,Siw maha balawathun
38,37,Female,9.78625E+12,#N/A
39,24,Male,9.78956E+12,#N/A
39,24,Male,9.78624E+12,Samurai hi saraya
39,24,Male,9.78955E+12,Siw maha balawathun
40,54,Female,9.78625E+12,#N/A
40,54,Female,9.78955E+12,Siw maha balawathun
40,54,Female,9.78625E+12,Diriya puthek
41,30,Male,9.78955E+12,Siw maha balawathun
41,30,Male,9.78625E+12,Chandragni
41,30,Male,9.78625E+12,#N/A
42,35,Female,9.78625E+12,Birdy
42,35,Female,9.78955E+12,Siw maha balawathun
42,35,Female,9.78956E+12,#N/A
43,39,Male,9.78625E+12,Sanda yahana-2
43,39,Male,9.78625E+12,Allapu gedara
43,39,Male,9.78955E+12,Siw maha balawathun
44,50,Female,9.78625E+12,Dadayam balla
44,50,Female,9.78625E+12,#N/A
44,50,Female,9.78955E+12,Siw maha balawathun
45,41,Male,9.78625E+12,Sanda yahana-2
45,41,Male,9.78956E+12,Sarayati soldaduwa
45,41,Male,9.78625E+12,Diriya puthek
46,22,Female,9.78625E+12,#N/A
46,22,Female,9.78955E+12,Siw maha balawathun
46,22,Female,9.78955E+12,Magaharunu dupath ketikatha
47,33,Male,9.78955E+12,Siw maha balawathun
47,33,Male,9.78625E+12,Sanda yahana-2
47,33,Male,9.78625E+12,Diriya puthek
48,25,Female,9.78625E+12,Sanda yahana-2
48,25,Female,9.78955E+12,Siw maha balawathun
48,25,Female,9.78955E+12,Magaharunu dupath ketikatha
49,31,Male,9.78955E+12,Magaharunu dupath ketikatha
49,31,Male,9.78625E+12,Allapu gedara
49,31,Male,9.78955E+12,Siw maha balawathun
50,45,Female,9.78955E+12,Siw maha balawathun
50,45,Female,9.78625E+12,Sherlock holmes lowa wishishtathama
50,45,Female,9.78625E+12,Sanda yahana-2
51,52,Male,9.78625E+12,#N/A
51,52,Male,9.78955E+12,Siw maha balawathun
51,52,Male,9.78955E+12,Magaharunu dupath ketikatha
52,34,Female,9.78625E+12,Diriya puthek
52,34,Female,9.78955E+12,Siw maha balawathun
52,34,Female,9.78625E+12,Sanda yahana-2
53,29,Male,9.78625E+12,Sherlock holmes lowa wishishtathama
53,29,Male,9.78955E+12,Siw maha balawathun
53,29,Male,9.78625E+12,#N/A
54,28,Female,9.78625E+12,Sanda yahana-2
54,28,Female,9.78955E+12,Siw maha balawathun
54,28,Female,9.78625E+12,Sherlock holmes lowa wishishtathama
55,36,Male,9.78955E+12,Siw maha balawathun
55,36,Male,9.78625E+12,Sanda yahana-2
55,36,Male,9.78625E+12,Allapu gedara
56,23,Female,9.78955E+12,Siw maha balawathun
56,23,Female,9.78625E+12,Birdy
56,23,Female,9.78625E+12,Sanda yahana-2
57,40,Male,9.78625E+12,#N/A
57,40,Male,9.78955E+12,Siw maha balawathun
57,40,Male,9.78955E+12,Magaharunu dupath ketikatha
58,30,Female,9.78625E+12,Sanda yahana-2
58,30,Female,9.78625E+12,#N/A
58,30,Female,9.78955E+12,Siw maha balawathun
59,43,Male,9.78625E+12,Chandragni
59,43,Male,9.78955E+12,Siw maha balawathun
59,43,Male,9.78625E+12,#N/A
60,49,Female,9.78625E+12,Chandragni
60,49,Female,9.78955E+12,Siw maha balawathun
60,49,Female,9.78625E+12,#N/A
61,26,Female,9.78625E+12,Birdy
61,26,Female,9.78625E+12,Sanda yahana-2
61,26,Female,9.78955E+12,Siw maha balawathun
62,35,Male,9.78956E+12,Sarayati soldaduwa
62,35,Male,9.78625E+12,Chandragni
62,35,Male,9.78625E+12,#N/A
63,44,Female,9.78955E+12,Siw maha balawathun
63,44,Female,9.78625E+12,Sanda yahana-2
63,44,Female,9.78955E+12,Magaharunu dupath ketikatha
64,28,Male,9.78956E+12,Sarayati soldaduwa
64,28,Male,9.78955E+12,Magaharunu dupath ketikatha
64,28,Male,9.78625E+12,#N/A
65,47,Female,9.78625E+12,Birdy
65,47,Female,9.78625E+12,Sanda yahana-2
65,47,Female,9.78625E+12,#N/A
66,52,Male,9.78955E+12,Siw maha balawathun
66,52,Male,9.78625E+12,Diriya puthek
66,52,Male,9.78625E+12,Sanda yahana-2
67,25,Female,9.78955E+12,Magaharunu dupath ketikatha
67,25,Female,9.78625E+12,Sanda yahana-2
67,25,Female,9.78625E+12,#N/A
68,33,Male,9.78955E+12,Siw maha balawathun
68,33,Male,9.78955E+12,Magaharunu dupath ketikatha
68,33,Male,9.78625E+12,Chandragni
69,29,Female,9.78625E+12,#N/A
69,29,Female,9.78955E+12,Siw maha balawathun
69,29,Female,9.78625E+12,Sanda yahana-2
70,40,Male,9.78625E+12,Sherlock holmes lowa wishishtathama
70,40,Male,9.78625E+12,Sanda yahana-2
70,40,Male,9.78955E+12,Magaharunu dupath ketikatha
71,34,Female,9.78625E+12,Diriya puthek
71,34,Female,9.78625E+12,#N/A
71,34,Female,9.78955E+12,Siw maha balawathun
72,46,Male,9.78955E+12,Siw maha balawathun
72,46,Male,9.78955E+12,Magaharunu dupath ketikatha
72,46,Male,9.78625E+12,Sanda yahana-2
73,37,Female,9.78625E+12,Sherlock holmes lowa wishishtathama
73,37,Female,9.78625E+12,#N/A
73,37,Female,9.78956E+12,Sarayati soldaduwa
74,24,Male,9.78955E+12,Siw maha balawathun
74,24,Male,9.78625E+12,Sanda yahana-2
74,24,Male,9.78955E+12,Magaharunu dupath ketikatha
75,43,Female,9.78625E+12,Sherlock holmes lowa wishishtathama
75,43,Female,9.78625E+12,#N/A
75,43,Female,9.78955E+12,Siw maha balawathun
76,29,Male,9.78625E+12,Diriya puthek
76,29,Male,9.78625E+12,#N/A
76,29,Male,9.78955E+12,Siw maha balawathun
77,50,Female,9.78625E+12,Sanda yahana-2
77,50,Female,9.78956E+12,Sarayati soldaduwa
77,50,Female,9.78625E+12,#N/A
78,26,Male,9.78625E+12,Birdy
78,26,Male,9.78955E+12,Siw maha balawathun
78,26,Male,9.78625E+12,Sanda yahana-2
79,34,Female,9.78625E+12,#N/A
79,34,Female,9.78625E+12,Chandragni
79,34,Female,9.78955E+12,Siw maha balawathun
80,36,Male,9.78955E+12,Magaharunu dupath ketikatha
80,36,Male,9.78625E+12,Sanda yahana-2
80,36,Male,9.78956E+12,Sarayati soldaduwa
81,45,Female,9.78625E+12,Diriya puthek
81,45,Female,9.78625E+12,#N/A
81,45,Female,9.78955E+12,Siw maha balawathun
82,28,Male,9.78625E+12,Sanda yahana-2
82,28,Male,9.78956E+12,Sarayati soldaduwa
82,28,Male,9.78625E+12,#N/A
83,47,Female,9.78955E+12,Siw maha balawathun
83,47,Female,9.78625E+12,Sanda yahana-2
83,47,Female,9.78625E+12,Chandragni
84,30,Male,9.78955E+12,Siw maha balawathun
84,30,Male,9.78625E+12,#N/A
84,30,Male,9.78955E+12,Magaharunu dupath ketikatha
85,39,Female,9.78625E+12,Sherlock holmes lowa wishishtathama
85,39,Female,9.78955E+12,Siw maha balawathun
85,39,Female,9.78625E+12,Sanda yahana-2
86,32,Male,9.78625E+12,Diriya puthek
86,32,Male,9.78955E+12,Magaharunu dupath ketikatha
86,32,Male,9.78625E+12,#N/A
87,51,Female,9.78956E+12,Sarayati soldaduwa
87,51,Female,9.78625E+12,Sherlock holmes lowa wishishtathama
87,51,Female,9.78625E+12,Sanda yahana-2
88,27,Male,9.78955E+12,Siw maha balawathun
88,27,Male,9.78955E+12,Magaharunu dupath ketikatha
88,27,Male,9.78625E+12,Chandragni
89,30,Female,9.78625E+12,Sanda yahana-2
89,30,Female,9.78625E+12,Sherlock holmes lowa wishishtathama
89,30,Female,9.78955E+12,Siw maha balawathun
90,35,Male,9.78625E+12,#N/A
90,35,Male,9.78956E+12,Sarayati soldaduwa
90,35,Male,9.78625E+12,Sanda yahana-2
91,43,Female,9.78625E+12,Diriya puthek
91,43,Female,9.78625E+12,#N/A
91,43,Female,9.78955E+12,Siw maha balawathun
92,48,Male,9.78955E+12,Magaharunu dupath ketikatha
92,48,Male,9.78625E+12,Sherlock holmes lowa wishishtathama
92,48,Male,9.78625E+12,#N/A
93,24,Female,9.78625E+12,Sanda yahana-2
93,24,Female,9.78625E+12,Diriya puthek
93,24,Female,9.78955E+12,Siw maha balawathun
94,26,Male,9.78625E+12,#N/A
94,26,Male,9.78956E+12,Sarayati soldaduwa
94,26,Male,9.78625E+12,Sherlock holmes lowa wishishtathama
95,42,Female,9.78625E+12,Diriya puthek
95,42,Female,9.78955E+12,Magaharunu dupath ketikatha
95,42,Female,9.78625E+12,Sanda yahana-2
96,37,Male,9.78625E+12,Sanda yahana-2
96,37,Male,9.78625E+12,#N/A
96,37,Male,9.78955E+12,Siw maha balawathun
97,33,Female,9.78625E+12,Sherlock holmes lowa wishishtathama
97,33,Female,9.78625E+12,Sanda yahana-2
97,33,Female,9.78956E+12,Sarayati soldaduwa
98,25,Male,9.78625E+12,Diriya puthek
98,25,Male,9.78625E+12,#N/A
98,25,Male,9.78955E+12,Siw maha balawathun
99,38,Female,9.78955E+12,Magaharunu dupath ketikatha
99,38,Female,9.78625E+12,Sanda yahana-2
99,38,Female,9.78625E+12,#N/A
100,29,Male,9.78955E+12,Siw maha balawathun
100,29,Male,9.78955E+12,Magaharunu dupath ketikatha
100,29,Male,9.78625E+12,Chandragni
101,46,Female,9.78625E+12,Sanda yahana-2
101,46,Female,9.78956E+12,Sarayati soldaduwa
101,46,Female,9.78625E+12,#N/A
102,32,Male,9.78625E+12,Diriya puthek
102,32,Male,9.78955E+12,Siw maha balawathun
102,32,Male,9.78955E+12,Magaharunu dupath ketikatha
103,31,Female,9.78955E+12,Siw maha balawathun
103,31,Female,9.78625E+12,Sherlock holmes lowa wishishtathama
103,31,Female,9.78625E+12,#N/A
104,27,Male,9.78625E+12,Sanda yahana-2
104,27,Male,9.78956E+12,Sarayati soldaduwa
104,27,Male,9.78625E+12,Chandragni
105,54,Female,9.78625E+12,Sherlock holmes lowa wishishtathama
105,54,Female,9.78955E+12,Magaharunu dupath ketikatha
105,54,Female,9.78625E+12,#N/A
106,30,Male,9.78625E+12,Diriya puthek
106,30,Male,9.78955E+12,Siw maha balawathun
106,30,Male,9.78625E+12,Sanda yahana-2
107,36,Female,9.78625E+12,#N/A
107,36,Female,9.78625E+12,Chandragni
107,36,Female,9.78955E+12,Magaharunu dupath ketikatha
108,42,Male,9.78956E+12,Sarayati soldaduwa
108,42,Male,9.78625E+12,Sherlock holmes lowa wishishtathama
108,42,Male,9.78625E+12,Sanda yahana-2
109,40,Female,9.78625E+12,Diriya puthek
109,40,Female,9.78955E+12,Siw maha balawathun
109,40,Female,9.78625E+12,Sanda yahana-2
110,28,Male,9.78955E+12,Siw maha balawathun
110,28,Male,9.78625E+12,Sanda yahana-2
110,28,Male,9.78625E+12,#N/A
111,29,Female,9.78625E+12,Birdy
111,29,Female,9.78625E+12,Sanda yahana-2
111,29,Female,9.78955E+12,Siw maha balawathun
112,49,Male,9.78625E+12,#N/A
112,49,Male,9.78625E+12,Sanda yahana-2
112,49,Male,9.78956E+12,Sarayati soldaduwa
113,37,Female,9.78955E+12,Magaharunu dupath ketikatha
113,37,Female,9.78625E+12,Chandragni
113,37,Female,9.78625E+12,Sanda yahana-2
114,31,Male,9.78625E+12,#N/A
114,31,Male,9.78625E+12,Diriya puthek
114,31,Male,9.78955E+12,Siw maha balawathun
115,35,Female,9.78625E+12,Sanda yahana-2
115,35,Female,9.78625E+12,Sherlock holmes lowa wishishtathama
115,35,Female,9.78955E+12,Magaharunu dupath ketikatha
116,26,Male,9.78625E+12,#N/A
116,26,Male,9.78625E+12,Diriya puthek
116,26,Male,9.78955E+12,Siw maha balawathun
117,52,Female,9.78625E+12,Sanda yahana-2
117,52,Female,9.78625E+12,Sherlock holmes lowa wishishtathama
117,52,Female,9.78956E+12,Sarayati soldaduwa
118,34,Male,9.78955E+12,Magaharunu dupath ketikatha
118,34,Male,9.78625E+12,Sanda yahana-2
118,34,Male,9.78625E+12,#N/A
119,45,Female,9.78625E+12,Diriya puthek
119,45,Female,9.78955E+12,Siw maha balawathun
119,45,Female,9.78625E+12,Sanda yahana-2
120,38,Male,9.78956E+12,Sarayati soldaduwa
120,38,Male,9.78625E+12,#N/A
120,38,Male,9.78625E+12,Sanda yahana-2
121,22,Female,9.78625E+12,Sherlock holmes lowa wishishtathama
121,22,Female,9.78955E+12,Magaharunu dupath ketikatha
121,22,Female,9.78625E+12,#N/A
122,27,Male,9.78625E+12,Sanda yahana-2
122,27,Male,9.78625E+12,#N/A
122,27,Male,9.78625E+12,Chandragni
123,35,Female,9.78956E+12,Sarayati soldaduwa
123,35,Female,9.78955E+12,Siw maha balawathun
123,35,Female,9.78625E+12,Diriya puthek
124,44,Male,9.78625E+12,#N/A
124,44,Male,9.78625E+12,Sanda yahana-2
124,44,Male,9.78625E+12,Chandragni
125,19,Female,9.78955E+12,Magaharunu dupath ketikatha
125,19,Female,9.78625E+12,Sanda yahana-2
125,19,Female,9.78625E+12,Sherlock holmes lowa wishishtathama
126,41,Male,9.78955E+12,Siw maha balawathun
126,41,Male,9.78625E+12,#N/A
126,41,Male,9.78625E+12,Chandragni
127,53,Female,9.78956E+12,Sarayati soldaduwa
127,53,Female,9.78955E+12,Magaharunu dupath ketikatha
127,53,Female,9.78625E+12,Sanda yahana-2
128,25,Male,9.78625E+12,Diriya puthek
128,25,Male,9.78955E+12,Siw maha balawathun
128,25,Male,9.78625E+12,#N/A
129,48,Female,9.78625E+12,Sanda yahana-2
129,48,Female,9.78625E+12,Sherlock holmes lowa wishishtathama
129,48,Female,9.78956E+12,Sarayati soldaduwa
130,33,Male,9.78955E+12,Magaharunu dupath ketikatha
130,33,Male,9.78625E+12,Sanda yahana-2
130,33,Male,9.78625E+12,#N/A
131,26,Female,9.78625E+12,Sherlock holmes lowa wishishtathama
131,26,Female,9.78625E+12,Sanda yahana-2
131,26,Female,9.78955E+12,Magaharunu dupath ketikatha
132,54,Male,9.78956E+12,Sarayati soldaduwa
132,54,Male,9.78625E+12,Diriya puthek
132,54,Male,9.78625E+12,Sanda yahana-2
133,29,Female,9.78625E+12,Chandragni
133,29,Female,9.78625E+12,#N/A
133,29,Female,9.78955E+12,Siw maha balawathun
134,47,Male,9.78955E+12,Siw maha balawathun
134,47,Male,9.78625E+12,Sanda yahana-2
134,47,Male,9.78625E+12,Sherlock holmes lowa wishishtathama
135,37,Female,9.78625E+12,#N/A
135,37,Female,9.78956E+12,Sarayati soldaduwa
135,37,Female,9.78625E+12,Diriya puthek
136,21,Male,9.78625E+12,Sanda yahana-2
136,21,Male,9.78625E+12,Sherlock holmes lowa wishishtathama
136,21,Male,9.78955E+12,Magaharunu dupath ketikatha
137,45,Female,9.78955E+12,Siw maha balawathun
137,45,Female,9.78625E+12,#N/A
137,45,Female,9.78625E+12,Chandragni
138,30,Male,9.78956E+12,Sarayati soldaduwa
138,30,Male,9.78625E+12,Sanda yahana-2
138,30,Male,9.78625E+12,Sherlock holmes lowa wishishtathama
139,28,Female,9.78625E+12,#N/A
139,28,Female,9.78955E+12,Siw maha balawathun
139,28,Female,9.78625E+12,Sanda yahana-2
140,50,Male,9.78625E+12,Sanda yahana-2
140,50,Male,9.78625E+12,Diriya puthek
140,50,Male,9.78955E+12,Magaharunu dupath ketikatha
141,26,Female,9.78625E+12,Sherlock holmes lowa wishishtathama
141,26,Female,9.78625E+12,Sanda yahana-2
141,26,Female,9.78956E+12,Sarayati soldaduwa
142,49,Male,9.78955E+12,Siw maha balawathun
142,49,Male,9.78625E+12,Sanda yahana-2
142,49,Male,9.78625E+12,#N/A
143,34,Female,9.78625E+12,Diriya puthek
143,34,Female,9.78955E+12,Magaharunu dupath ketikatha
143,34,Female,9.78625E+12,Sanda yahana-2
144,27,Male,9.78625E+12,#N/A
144,27,Male,9.78625E+12,Chandragni
144,27,Male,9.78955E+12,Siw maha balawathun
145,36,Female,9.78956E+12,Sarayati soldaduwa
145,36,Female,9.78625E+12,#N/A
145,36,Female,9.78625E+12,Sanda yahana-2
146,31,Male,9.78625E+12,Sherlock holmes lowa wishishtathama
146,31,Male,9.78625E+12,#N/A
146,31,Male,9.78955E+12,Siw maha balawathun
147,38,Female,9.78625E+12,Chandragni
147,38,Female,9.78956E+12,Sarayati soldaduwa
147,38,Female,9.78625E+12,Sanda yahana-2
148,43,Male,9.78625E+12,Sanda yahana-2
148,43,Male,9.78625E+12,Diriya puthek
148,43,Male,9.78955E+12,Magaharunu dupath ketikatha
149,24,Female,9.78955E+12,Siw maha balawathun
149,24,Female,9.78625E+12,#N/A
149,24,Female,9.78625E+12,Sanda yahana-2
150,41,Male,9.78956E+12,Sarayati soldaduwa
150,41,Male,9.78625E+12,Sherlock holmes lowa wishishtathama
150,41,Male,9.78625E+12,Sanda yahana-2
151,32,Female,9.78625E+12,Sanda yahana-2
151,32,Female,9.78625E+12,Chandragni
151,32,Female,9.78955E+12,Siw maha balawathun
152,27,Male,9.78625E+12,#N/A
152,27,Male,9.78625E+12,Sherlock holmes lowa wishishtathama
152,27,Male,9.78955E+12,Magaharunu dupath ketikatha
153,36,Female,9.78625E+12,Sanda yahana-2
153,36,Female,9.78956E+12,Sarayati soldaduwa
153,36,Female,9.78625E+12,#N/A
154,29,Male,9.78625E+12,Diriya puthek
154,29,Male,9.78955E+12,Siw maha balawathun
154,29,Male,9.78625E+12,Sanda yahana-2
155,22,Female,9.78955E+12,Magaharunu dupath ketikatha
155,22,Female,9.78625E+12,#N/A
155,22,Female,9.78625E+12,Sherlock holmes lowa wishishtathama
156,53,Male,9.78625E+12,Sanda yahana-2
156,53,Male,9.78955E+12,Siw maha balawathun
156,53,Male,9.78625E+12,#N/A
157,35,Female,9.78625E+12,Sherlock holmes lowa wishishtathama
157,35,Female,9.78625E+12,Sanda yahana-2
157,35,Female,9.78956E+12,Sarayati soldaduwa
158,47,Male,9.78955E+12,Siw maha balawathun
158,47,Male,9.78625E+12,Diriya puthek
158,47,Male,9.78625E+12,Sanda yahana-2
159,42,Female,9.78625E+12,Sanda yahana-2
159,42,Female,9.78625E+12,#N/A
159,42,Female,9.78956E+12,Sarayati soldaduwa
160,27,Male,9.78625E+12,Sherlock holmes lowa wishishtathama
160,27,Male,9.78625E+12,Sanda yahana-2
160,27,Male,9.78955E+12,Magaharunu dupath ketikatha
161,39,Female,9.78625E+12,#N/A
161,39,Female,9.78625E+12,Sherlock holmes lowa wishishtathama
161,39,Female,9.78955E+12,Siw maha balawathun
162,48,Male,9.78625E+12,Sanda yahana-2
162,48,Male,9.78625E+12,#N/A
162,48,Male,9.78956E+12,Sarayati soldaduwa
163,33,Female,9.78955E+12,Magaharunu dupath ketikatha
163,33,Female,9.78625E+12,#N/A
163,33,Female,9.78625E+12,Sanda yahana-2
164,29,Male,9.78625E+12,Sherlock holmes lowa wishishtathama
164,29,Male,9.78625E+12,Sanda yahana-2
164,29,Male,9.78955E+12,Siw maha balawathun
165,37,Female,9.78625E+12,#N/A
165,37,Female,9.78625E+12,Diriya puthek
165,37,Female,9.78625E+12,Sanda yahana-2
166,41,Male,9.78956E+12,Sarayati soldaduwa
166,41,Male,9.78625E+12,Sherlock holmes lowa wishishtathama
166,41,Male,9.78625E+12,Sanda yahana-2
167,24,Female,9.78625E+12,#N/A
167,24,Female,9.78625E+12,Chandragni
167,24,Female,9.78955E+12,Siw maha balawathun
168,52,Male,9.78625E+12,Sanda yahana-2
168,52,Male,9.78625E+12,Diriya puthek
168,52,Male,9.78955E+12,Magaharunu dupath ketikatha
169,45,Female,9.78625E+12,#N/A
169,45,Female,9.78956E+12,Sarayati soldaduwa
169,45,Female,9.78625E+12,Sanda yahana-2
170,27,Male,9.78625E+12,Sherlock holmes lowa wishishtathama
170,27,Male,9.78955E+12,Magaharunu dupath ketikatha
170,27,Male,9.78625E+12,#N/A
171,28,Female,9.78625E+12,Sanda yahana-2
171,28,Female,9.78625E+12,Chandragni
171,28,Female,9.78955E+12,Siw maha balawathun
172,36,Male,9.78625E+12,#N/A
172,36,Male,9.78625E+12,Sanda yahana-2
172,36,Male,9.78956E+12,Sarayati soldaduwa
173,25,Female,9.78625E+12,Sherlock holmes lowa wishishtathama
173,25,Female,9.78625E+12,Sanda yahana-2
173,25,Female,9.78955E+12,Siw maha balawathun
174,43,Male,9.78625E+12,#N/A
174,43,Male,9.78625E+12,Chandragni
174,43,Male,9.78625E+12,Sanda yahana-2
175,51,Female,9.78956E+12,Sarayati soldaduwa
175,51,Female,9.78625E+12,Sanda yahana-2
175,51,Female,9.78625E+12,#N/A
176,33,Male,9.78625E+12,Sherlock holmes lowa wishishtathama
176,33,Male,9.78625E+12,Sanda yahana-2
176,33,Male,9.78955E+12,Siw maha balawathun
177,47,Female,9.78625E+12,#N/A
177,47,Female,9.78625E+12,Sherlock holmes lowa wishishtathama
177,47,Female,9.78956E+12,Sarayati soldaduwa
178,22,Male,9.78625E+12,Sanda yahana-2
178,22,Male,9.78625E+12,#N/A
178,22,Male,9.78955E+12,Magaharunu dupath ketikatha
179,29,Female,9.78955E+12,Siw maha balawathun
179,29,Female,9.78625E+12,Sherlock holmes lowa wishishtathama
179,29,Female,9.78625E+12,Sanda yahana-2
180,44,Male,9.78625E+12,#N/A
180,44,Male,9.78625E+12,Sanda yahana-2
180,44,Male,9.78956E+12,Sarayati soldaduwa
181,24,Female,9.78625E+12,Sanda yahana-2
181,24,Female,9.78625E+12,Sherlock holmes lowa wishishtathama
181,24,Female,9.78955E+12,Magaharunu dupath ketikatha
182,52,Male,9.78956E+12,Sarayati soldaduwa
182,52,Male,9.78625E+12,Sanda yahana-2
182,52,Male,9.78955E+12,Siw maha balawathun
183,30,Female,9.78625E+12,Chandragni
183,30,Female,9.78625E+12,#N/A
183,30,Female,9.78956E+12,Sarayati soldaduwa
184,41,Male,9.78955E+12,Magaharunu dupath ketikatha
184,41,Male,9.78625E+12,Sanda yahana-2
184,41,Male,9.78625E+12,Sherlock holmes lowa wishishtathama
185,36,Female,9.78625E+12,Sanda yahana-2
185,36,Female,9.78625E+12,Diriya puthek
185,36,Female,9.78955E+12,Siw maha balawathun
186,27,Male,9.78625E+12,#N/A
186,27,Male,9.78625E+12,Sherlock holmes lowa wishishtathama
186,27,Male,9.78955E+12,Magaharunu dupath ketikatha
187,44,Female,9.78956E+12,Sarayati soldaduwa
187,44,Female,9.78625E+12,Sanda yahana-2
187,44,Female,9.78625E+12,#N/A
188,22,Male,9.78955E+12,Magaharunu dupath ketikatha
188,22,Male,9.78625E+12,Sanda yahana-2
188,22,Male,9.78625E+12,Sherlock holmes lowa wishishtathama
189,48,Female,9.78625E+12,#N/A
189,48,Female,9.78625E+12,Chandragni
189,48,Female,9.78625E+12,Sanda yahana-2
190,38,Male,9.78956E+12,Sarayati soldaduwa
190,38,Male,9.78625E+12,Sherlock holmes lowa wishishtathama
190,38,Male,9.78625E+12,Sanda yahana-2
191,31,Female,9.78955E+12,Siw maha balawathun
191,31,Female,9.78625E+12,#N/A
191,31,Female,9.78625E+12,Sanda yahana-2
192,45,Male,9.78956E+12,Sarayati soldaduwa
192,45,Male,9.78625E+12,Sanda yahana-2
192,45,Male,9.78625E+12,Diriya puthek
193,27,Female,9.78625E+12,#N/A
193,27,Female,9.78955E+12,Siw maha balawathun
193,27,Female,9.78625E+12,Sherlock holmes lowa wishishtathama
194,34,Male,9.78955E+12,Magaharunu dupath ketikatha
194,34,Male,9.78625E+12,Sanda yahana-2
194,34,Male,9.78625E+12,#N/A
195,19,Female,9.78625E+12,Sherlock holmes lowa wishishtathama
195,19,Female,9.78625E+12,Sanda yahana-2
195,19,Female,9.78955E+12,Magaharunu dupath ketikatha
196,42,Male,9.78956E+12,Sarayati soldaduwa
196,42,Male,9.78625E+12,Diriya puthek
196,42,Male,9.78625E+12,Sanda yahana-2
197,29,Female,9.78625E+12,#N/A
197,29,Female,9.78955E+12,Siw maha balawathun
197,29,Female,9.78625E+12,Sanda yahana-2
198,49,Male,9.78625E+12,Sherlock holmes lowa wishishtathama
198,49,Male,9.78956E+12,Sarayati soldaduwa
198,49,Male,9.78625E+12,#N/A
199,24,Female,9.78955E+12,Magaharunu dupath ketikatha
199,24,Female,9.78625E+12,Sanda yahana-2
199,24,Female,9.78625E+12,Sherlock holmes lowa wishishtathama
200,38,Male,9.78625E+12,Sanda yahana-2
200,38,Male,9.78625E+12,#N/A
200,38,Male,9.78955E+12,Siw maha balawathun
201,33,Female,9.78625E+12,Diriya puthek
201,33,Female,9.78625E+12,Sanda yahana-2
201,33,Female,9.78956E+12,Sarayati soldaduwa
202,27,Male,9.78955E+12,Magaharunu dupath ketikatha
202,27,Male,9.78625E+12,#N/A
202,27,Male,9.78625E+12,Sanda yahana-2
203,35,Female,9.78955E+12,Siw maha balawathun
203,35,Female,9.78625E+12,Sherlock holmes lowa wishishtathama
203,35,Female,9.78625E+12,Sanda yahana-2
204,40,Male,9.78625E+12,Sanda yahana-2
204,40,Male,9.78956E+12,Sarayati soldaduwa
204,40,Male,9.78625E+12,#N/A
205,19,Female,9.78625E+12,Sherlock holmes lowa wishishtathama
205,19,Female,9.78625E+12,Sanda yahana-2
205,19,Female,9.78955E+12,Magaharunu dupath ketikatha
206,53,Male,9.78955E+12,Siw maha balawathun
206,53,Male,9.78625E+12,Sanda yahana-2
206,53,Male,9.78625E+12,#N/A
207,21,Female,9.78625E+12,#N/A
207,21,Female,9.78955E+12,Siw maha balawathun
207,21,Female,9.78625E+12,Sanda yahana-2
208,48,Male,9.78956E+12,Sarayati soldaduwa
208,48,Male,9.78625E+12,Sherlock holmes lowa wishishtathama
208,48,Male,9.78625E+12,Sanda yahana-2
209,34,Female,9.78625E+12,Sanda yahana-2
209,34,Female,9.78955E+12,Magaharunu dupath ketikatha
209,34,Female,9.78625E+12,Sherlock holmes lowa wishishtathama
210,30,Male,9.78625E+12,#N/A
210,30,Male,9.78956E+12,Sarayati soldaduwa
210,30,Male,9.78625E+12,Sanda yahana-2
211,41,Female,9.78625E+12,Diriya puthek
211,41,Female,9.78955E+12,Siw maha balawathun
211,41,Female,9.78625E+12,Sanda yahana-2
212,27,Male,9.78955E+12,Magaharunu dupath ketikatha
212,27,Male,9.78625E+12,#N/A
212,27,Male,9.78625E+12,Sherlock holmes lowa wishishtathama
213,52,Female,9.78956E+12,Sarayati soldaduwa
213,52,Female,9.78625E+12,Sanda yahana-2
213,52,Female,9.78955E+12,Siw maha balawathun
214,31,Male,9.78625E+12,#N/A
214,31,Male,9.78625E+12,Sherlock holmes lowa wishishtathama
214,31,Male,9.78625E+12,Sanda yahana-2
215,25,Female,9.78625E+12,Sanda yahana-2
215,25,Female,9.78625E+12,Diriya puthek
215,25,Female,9.78955E+12,Siw maha balawathun
216,44,Male,9.78956E+12,Sarayati soldaduwa
216,44,Male,9.78625E+12,#N/A
216,44,Male,9.78625E+12,Sanda yahana-2
217,29,Female,9.78625E+12,Sherlock holmes lowa wishishtathama
217,29,Female,9.78955E+12,Magaharunu dupath ketikatha
217,29,Female,9.78625E+12,Sanda yahana-2
218,46,Male,9.78625E+12,#N/A
218,46,Male,9.78625E+12,Sanda yahana-2
218,46,Male,9.78956E+12,Sarayati soldaduwa
219,32,Female,9.78625E+12,Sanda yahana-2
219,32,Female,9.78625E+12,Sherlock holmes lowa wishishtathama
219,32,Female,9.78955E+12,Siw maha balawathun
220,37,Male,9.78625E+12,#N/A
220,37,Male,9.78956E+12,Sarayati soldaduwa
220,37,Male,9.78625E+12,Sanda yahana-2
221,26,Female,9.78955E+12,Magaharunu dupath ketikatha
221,26,Female,9.78625E+12,#N/A
221,26,Female,9.78625E+12,Sanda yahana-2
222,45,Male,9.78625E+12,Sherlock holmes lowa wishishtathama
222,45,Male,9.78625E+12,#N/A
222,45,Male,9.78956E+12,Sarayati soldaduwa
223,29,Female,9.78625E+12,Sanda yahana-2
223,29,Female,9.78955E+12,Magaharunu dupath ketikatha
223,29,Female,9.78625E+12,Sherlock holmes lowa wishishtathama
224,53,Male,9.78625E+12,#N/A
224,53,Male,9.78625E+12,Sanda yahana-2
224,53,Male,9.78956E+12,Sarayati soldaduwa
225,21,Female,9.78625E+12,Sherlock holmes lowa wishishtathama
225,21,Female,9.78625E+12,Sanda yahana-2
225,21,Female,9.78955E+12,Magaharunu dupath ketikatha
226,40,Male,9.78625E+12,#N/A
226,40,Male,9.78625E+12,Sanda yahana-2
226,40,Male,9.78956E+12,Sarayati soldaduwa
227,33,Female,9.78625E+12,Sherlock holmes lowa wishishtathama
227,33,Female,9.78625E+12,Sanda yahana-2
227,33,Female,9.78955E+12,Siw maha balawathun
228,27,Male,9.78625E+12,Sanda yahana-2
228,27,Male,9.78625E+12,#N/A
228,27,Male,9.78956E+12,Sarayati soldaduwa
229,45,Female,9.78955E+12,Siw maha balawathun
229,45,Female,9.78625E+12,#N/A
229,45,Female,9.78625E+12,Sanda yahana-2
230,36,Male,9.78625E+12,Sherlock holmes lowa wishishtathama
230,36,Male,9.78956E+12,Sarayati soldaduwa
230,36,Male,9.78625E+12,Sanda yahana-2
231,25,Female,9.78625E+12,Sanda yahana-2
231,25,Female,9.78625E+12,Diriya puthek
231,25,Female,9.78955E+12,Siw maha balawathun
232,50,Male,9.78625E+12,#N/A
232,50,Male,9.78956E+12,Sarayati soldaduwa
232,50,Male,9.78625E+12,Sanda yahana-2
233,28,Female,9.78625E+12,Sanda yahana-2
233,28,Female,9.78955E+12,Magaharunu dupath ketikatha
233,28,Female,9.78625E+12,Sherlock holmes lowa wishishtathama
234,44,Male,9.78625E+12,#N/A
234,44,Male,9.78625E+12,Diriya puthek
234,44,Male,9.78625E+12,Sanda yahana-2
235,35,Female,9.78625E+12,Sanda yahana-2
235,35,Female,9.78955E+12,Siw maha balawathun
235,35,Female,9.78625E+12,#N/A
236,22,Male,9.78955E+12,Magaharunu dupath ketikatha
236,22,Male,9.78625E+12,Sanda yahana-2
236,22,Male,9.78625E+12,Sherlock holmes lowa wishishtathama
237,47,Female,9.78625E+12,#N/A
237,47,Female,9.78625E+12,Sanda yahana-2
237,47,Female,9.78956E+12,Sarayati soldaduwa
238,33,Male,9.78625E+12,Sanda yahana-2
238,33,Male,9.78625E+12,Sherlock holmes lowa wishishtathama
238,33,Male,9.78625E+12,#N/A
239,26,Female,9.78955E+12,Siw maha balawathun
239,26,Female,9.78625E+12,Sanda yahana-2
239,26,Female,9.78625E+12,Sherlock holmes lowa wishishtathama
240,54,Male,9.78956E+12,Sarayati soldaduwa
240,54,Male,9.78625E+12,Sanda yahana-2
240,54,Male,9.78625E+12,#N/A
